-- Insert 50 UK customers into the customers table
INSERT INTO customers_tb (customer_id, first_name, last_name, email, gender, phone_number, date_of_birth, address, city, state, zip_code, country) VALUES
(1, 'John', 'Kant', 'john.kant1@example.com', 'Male', '07123456789', '1985-04-23', '221 Baker Street', 'London', 'England', 'NW16XE', 'UK'),
(2, 'Emily', 'Jones', 'emily.jones2@example.com', 'Female', '07234567890', '1992-06-11', '12 Oxford Road', 'Manchester', 'England', 'M139PL', 'UK'),
(3, 'Oliver', 'Taylor', 'oliver.taylor3@example.com', 'Male', '07345678901', '1988-02-10', '55 Broad Street', 'Birmingham', 'England', 'B12HE', 'UK'),
(4, 'Sophia', 'Brown', 'sophia.brown4@example.com', 'Female', '07456789012', '1995-07-25', '8 Call Lane', 'Leeds', 'England', 'LS12ET', 'UK'),
(5, 'Jack', 'Wilson', 'jack.wilson5@example.com', 'Male', '07567890123', '1990-09-30', '42 Sauchiehall Street', 'Glasgow', 'Scotland', 'G23BG', 'UK'),
(6, 'Mia', 'Davies', 'mia.davies6@example.com', 'Female', '07678901234', '1994-12-05', '77 Princes Street', 'Edinburgh', 'Scotland', 'EH22AF', 'UK'),
(7, 'James', 'Evans', 'james.evans7@example.com', 'Male', '07789012345', '1983-03-13', '15 Park Street', 'Bristol', 'England', 'BS12AQ', 'UK'),
(8, 'Isabella', 'Thomas', 'isabella.thomas8@example.com', 'Female', '07890123456', '1991-08-20', '19 Regent Street', 'London', 'England', 'W1B4DZ', 'UK'),
(9, 'William', 'Walker', 'william.walker9@example.com', 'Male', '07901234567', '1989-11-15', '23 Deansgate', 'Manchester', 'England', 'M32WZ', 'UK'),
(10, 'Amelia', 'Roberts', 'amelia.roberts10@example.com', 'Female', '07012345678', '1993-01-10', '87 Corporation Street', 'Birmingham', 'England', 'B23DJ', 'UK'),
(11, 'Harry', 'Harris', 'harry.harris11@example.com', 'Male', '07111234567', '1986-04-25', '29 Penny Lane', 'Liverpool', 'England', 'L18 1DE', 'UK'),
(12, 'Lily', 'Scott', 'lily.scott12@example.com', 'Female', '07222345678', '1990-10-30', '45 Ecclesall Road', 'Sheffield', 'England', 'S11 8HW', 'UK'),
(13, 'Charlie', 'Green', 'charlie.green13@example.com', 'Male', '07333456789', '1992-02-22', '18 Maid Marian Way', 'Nottingham', 'England', 'NG1 6HS', 'UK'),
(14, 'Grace', 'King', 'grace.king14@example.com', 'Female', '07444567890', '1996-07-18', '32 Queen Street', 'Cardiff', 'Wales', 'CF10 2GR', 'UK'),
(15, 'George', 'Lee', 'george.lee15@example.com', 'Male', '07555678901', '1987-12-05', '67 Belgrave Road', 'Leicester', 'England', 'LE4 6AR', 'UK'),
(16, 'Ella', 'Clark', 'ella.clark16@example.com', 'Female', '07666789012', '1994-09-08', '21 Foleshill Road', 'Coventry', 'England', 'CV1 4JJ', 'UK'),
(17, 'Henry', 'Hill', 'henry.hill17@example.com', 'Male', '07777890123', '1984-01-11', '89 Manningham Lane', 'Bradford', 'England', 'BD8 7JF', 'UK'),
(18, 'Ava', 'Edwards', 'ava.edwards18@example.com', 'Female', '07888901234', '1992-11-05', '50 London Road', 'Derby', 'England', 'DE1 2QY', 'UK'),
(19, 'Jacob', 'Phillips', 'jacob.phillips19@example.com', 'Male', '07999912345', '1985-03-22', '10 Holderness Road', 'Kingston upon Hull', 'England', 'HU9 3DS', 'UK'),
(20, 'Emily', 'Bennett', 'emily.bennett20@example.com', 'Female', '07011123456', '1991-05-09', '38 High Street West', 'Sunderland', 'England', 'SR1 3DP', 'UK'),
(21, 'Michael', 'Cooper', 'michael.cooper21@example.com', 'Male', '07121234567', '1987-12-30', '24 Royal Parade', 'Plymouth', 'England', 'PL1 1DS', 'UK'),
(22, 'Abigail', 'Campbell', 'abigail.campbell22@example.com', 'Female', '07232345678', '1993-04-11', '56 Cornmarket Street', 'Oxford', 'England', 'OX1 3EX', 'UK'),
(23, 'Joshua', 'Parker', 'joshua.parker23@example.com', 'Male', '07343456789', '1990-06-15', '22 Bridge Street', 'Cambridge', 'England', 'CB2 1UA', 'UK'),
(24, 'Sophie', 'Collins', 'sophie.collins24@example.com', 'Female', '07454567890', '1989-12-20', '11 St. Stephens Street', 'Norwich', 'England', 'NR1 3SA', 'UK'),
(25, 'Daniel', 'Stewart', 'daniel.stewart25@example.com', 'Male', '07565678901', '1995-02-07', '33 High Street', 'Exeter', 'England', 'EX4 3LH', 'UK'),
(26, 'Hannah', 'Morris', 'hannah.morris26@example.com', 'Female', '07676789012', '1990-10-01', '29 Coney Street', 'York', 'England', 'YO1 9QL', 'UK'),
(27, 'Matthew', 'Mitchell', 'matthew.mitchell27@example.com', 'Male', '07787890123', '1992-07-14', '40 Union Street', 'Bath', 'England', 'BA1 1RS', 'UK'),
(28, 'Chloe', 'Morgan', 'chloe.morgan28@example.com', 'Female', '07898901234', '1991-12-09', '15 Commercial Road', 'Portsmouth', 'England', 'PO1 1EB', 'UK'),
(29, 'Ryan', 'Murphy', 'ryan.murphy29@example.com', 'Male', '07909012345', '1986-05-18', '60 Fishergate', 'Preston', 'England', 'PR1 2EE', 'UK'),
(30, 'Ella', 'Ward', 'ella.ward30@example.com', 'Female', '07020234567', '1994-04-13', '44 Piccadilly', 'Stoke-on-Trent', 'England', 'ST1 1EH', 'UK'),
(31, 'Ethan', 'Hughes', 'ethan.hughes31@example.com', 'Male', '07131345678', '1993-08-24', '19 Above Bar Street', 'Southampton', 'England', 'SO14 7DZ', 'UK'),
(32, 'Isla', 'Harrison', 'isla.harrison32@example.com', 'Female', '07242456789', '1990-02-01', '12 Victoria Street', 'Wolverhampton', 'England', 'WV1 3NP', 'UK'),
(33, 'Luke', 'Graham', 'luke.graham33@example.com', 'Male', '07353567890', '1988-10-13', '25 West Street', 'Brighton', 'England', 'BN1 2RA', 'UK'),
(34, 'Megan', 'Fisher', 'megan.fisher34@example.com', 'Female', '07464678901', '1993-03-27', '31 George Street', 'Luton', 'England', 'LU1 2BJ', 'UK'),
(35, 'Adam', 'Carter', 'adam.carter35@example.com', 'Male', '07575789012', '1987-12-02', '91 Promenade', 'Blackpool', 'England', 'FY1 5AA', 'UK'),
(36, 'Ella', 'Rogers', 'ella.rogers36@example.com', 'Female', '07686890123', '1992-06-16', '63 Union Street', 'Aberdeen', 'Scotland', 'AB10 1BB', 'UK'),
(37, 'Noah', 'Baker', 'noah.baker37@example.com', 'Male', '07797901234', '1986-11-21', '27 High Street', 'Dundee', 'Scotland', 'DD1 1UE', 'UK'),
(38, 'Emma', 'Knight', 'emma.knight38@example.com', 'Female', '07808012345', '1990-07-05', '72 The Kingsway', 'Swansea', 'Wales', 'SA1 5HE', 'UK'),
(39, 'Nathan', 'Griffin', 'nathan.griffin39@example.com', 'Male', '07919123456', '1984-03-30', '88 Grey Street', 'Newcastle', 'England', 'NE1 6EE', 'UK'),
(40, 'Olivia', 'Russell', 'olivia.russell40@example.com', 'Female', '07030345678', '1992-05-14', '55 Royal Avenue', 'Belfast', 'Northern Ireland', 'BT1 1DA', 'UK'),
(41, 'Joseph', 'Chapman', 'joseph.chapman41@example.com', 'Male', '07141456789', '1987-09-29', '9 Broad Street', 'Reading', 'England', 'RG1 2BD', 'UK'),
(42, 'Emily', 'Holland', 'emily.holland42@example.com', 'Female', '07252567890', '1994-08-14', '37 Midsummer Boulevard', 'Milton Keynes', 'England', 'MK9 3ES', 'UK'),
(43, 'Alex', 'Grant', 'alex.grant43@example.com', 'Male', '07363678901', '1990-06-21', '17 Abington Street', 'Northampton', 'England', 'NN1 2AN', 'UK'),
(44, 'Freya', 'Harvey', 'freya.harvey44@example.com', 'Female', '07474789012', '1992-04-06', '26 High Street', 'Chelmsford', 'England', 'CM1 1XG', 'UK'),
(45, 'Owen', 'Elliott', 'owen.elliott45@example.com', 'Male', '07585890123', '1989-12-10', '14 Linthorpe Road', 'Middlesbrough', 'England', 'TS1 2HL', 'UK'),
(46, 'Sophia', 'Bishop', 'sophia.bishop46@example.com', 'Female', '07696901234', '1993-01-23', '7 High Street', 'Slough', 'England', 'SL1 1EL', 'UK'),
(47, 'Max', 'Miller', 'max.miller47@example.com', 'Male', '07535801234', '1991-07-10', '45 Argyle Street', 'Glasgow', 'Scotland', 'G2 8HH', 'UK'),
(48, 'Florence', 'Moore', 'florence.moore48@example.com', 'Female', '07646912345', '1990-02-08', '22 Princes Street', 'Edinburgh', 'Scotland', 'EH2 4BJ', 'UK'),
(49, 'Benjamin', 'Taylor', 'benjamin.taylor49@example.com', 'Male', '07758023456', '1987-11-30', '12 Park Street', 'Bristol', 'England', 'BS1 5BQ', 'UK'),
(50, 'Daisy', 'Anderson', 'daisy.anderson50@example.com', 'Female', '07869134567', '1995-05-23', '99 Oxford Street', 'London', 'England', 'W1D 1BS', 'UK');

-- Insert categories into the categories table
INSERT INTO categories_tb (category_id, category_name) VALUES
(1, 'Electronics'),
(2, 'Home Appliances'),
(3, 'Clothing'),
(4, 'Books'),
(5, 'Sports Equipment');

-- Insert 120 products into the products table
INSERT INTO products_tb (product_id, product_name, description, stock, category_id) VALUES
(1, 'Smartphone', 'Latest 5G smartphone with 128GB storage', 100, 1),
(2, 'Laptop', 'High-performance laptop with 16GB RAM', 50, 1),
(3, 'Tablet', '10-inch tablet with Wi-Fi and 64GB storage', 75, 1),
(4, 'Washing Machine', 'Front-load washing machine with 8kg capacity', 20, 2),
(5, 'Refrigerator', 'Double-door fridge with freezer', 15, 2),
(6, 'Microwave', 'Countertop microwave with 900W power', 30, 2),
(7, 'Jeans', 'Men classic fit jeans', 200, 3),
(8, 'T-Shirt', 'Unisex cotton T-shirt', 300, 3),
(9, 'Bluetooth Speaker', 'Portable Bluetooth speaker with 20-hour battery life', 150, 1),
(10, 'Smartwatch', 'Fitness tracking smartwatch with heart rate monitor', 80, 1),
(11, 'Headphones', 'Noise-canceling over-ear headphones', 60, 1),
(12, 'Air Conditioner', 'Energy-efficient split air conditioner', 25, 2),
(13, 'Vacuum Cleaner', 'Robot vacuum cleaner with Wi-Fi control', 40, 2),
(14, 'Dishwasher', 'Compact dishwasher with 6-place settings', 35, 2),
(15, 'Sofa', '3-seater fabric sofa', 18, 2),
(16, 'Dining Table', 'Wooden dining table for 6 people', 12, 2),
(17, 'Bookshelf', 'Wooden bookshelf with adjustable shelves', 60, 2),
(18, 'Office Chair', 'Ergonomic office chair with adjustable height', 100, 2),
(19, 'Desk Lamp', 'LED desk lamp with touch control', 120, 2),
(20, 'Fridge', 'Single-door refrigerator with adjustable shelves', 30, 2),
(21, 'Couch', 'Reclining leather couch', 15, 2),
(22, 'Coffee Table', 'Modern glass coffee table', 25, 2),
(23, 'Gaming Monitor', 'Curved 144Hz gaming monitor', 45, 1),
(24, 'Keyboard', 'Mechanical gaming keyboard with RGB lighting', 200, 1),
(25, 'Mouse', 'Wireless gaming mouse with adjustable DPI', 180, 1),
(26, 'Printer', 'Wireless inkjet printer with scanning features', 55, 1),
(27, 'External Hard Drive', '2TB external hard drive for backup', 90, 1),
(28, 'Smart TV', '55-inch 4K UHD Smart TV with Alexa compatibility', 60, 1),
(29, 'Game Console', 'Latest generation gaming console with 500GB storage', 40, 1),
(30, 'Fitness Tracker', 'Waterproof fitness tracker with sleep monitor', 150, 5),
(31, 'Yoga Mat', 'Non-slip yoga mat for home workouts', 100, 5),
(32, 'Dumbbells', 'Set of 2 adjustable dumbbells for home fitness', 80, 5),
(33, 'Yoga Blocks', 'Set of 2 foam yoga blocks for support', 120, 5),
(34, 'Treadmill', 'Compact treadmill with adjustable speed', 15, 5),
(35, 'Exercise Bike', 'Stationary exercise bike with adjustable resistance', 18, 5),
(36, 'Weight Bench', 'Adjustable weight bench for strength training', 35, 5),
(37, 'Basketball', 'Professional-grade basketball for outdoor play', 150, 5),
(38, 'Baseball Glove', 'Leather baseball glove for right-handed players', 110, 5),
(39, 'Tennis Racket', 'Carbon fiber tennis racket with grip enhancement', 60, 5),
(40, 'Football', 'Official size 5 football for outdoor games', 140, 5),
(41, 'Golf Clubs', 'Set of 12 golf clubs with bag', 25, 5),
(42, 'Lawn Mower', 'Electric lawn mower with 16-inch cutting width', 50, 2),
(43, 'Chainsaw', 'Cordless chainsaw for easy tree trimming', 40, 2),
(44, 'Hedge Trimmer', 'Battery-operated hedge trimmer for trimming bushes', 45, 2),
(45, 'Pressure Washer', 'High-power pressure washer for cleaning outdoor areas', 30, 2),
(46, 'Watering Can', 'Durable watering can for garden plants', 200, 2),
(47, 'Shovel', 'Heavy-duty shovel for gardening and outdoor work', 170, 2),
(48, 'Gloves', 'Gardening gloves with anti-slip grip', 150, 2),
(49, 'Wheelbarrow', 'Steel wheelbarrow with 100-liter capacity', 60, 2),
(50, 'Ladder', 'Foldable ladder with 10-foot reach', 45, 2),
(51, 'Smart Lightbulb', 'LED smart bulb with color-changing feature', 200, 1),
(52, 'Ceiling Fan', 'Energy-efficient ceiling fan with remote control', 35, 2),
(53, 'Water Filter', 'Portable water filter for hiking and outdoor use', 120, 2),
(54, 'Sunglasses', 'UV protection sunglasses with polarized lenses', 150, 3),
(55, 'Backpack', 'Large hiking backpack with hydration compartment', 90, 3),
(56, 'Winter Jacket', 'Insulated winter jacket for extreme cold', 40, 3),
(57, 'Boots', 'Waterproof boots for outdoor activities', 80, 3),
(58, 'Umbrella', 'Windproof umbrella for stormy weather', 250, 3),
(59, 'Sleep Mask', 'Soft sleep mask for better rest', 200, 3),
(60, 'Socks', 'Pack of 6 cotton socks for everyday wear', 300, 3),
(61, 'Scarf', 'Warm woolen scarf for winter', 150, 3),
(62, 'Gloves', 'Winter gloves with touchscreen compatibility', 120, 3),
(63, 'Hat', 'Knitted winter hat with pom-pom', 100, 3),
(64, 'Handbag', 'Leather handbag with multiple compartments', 50, 3),
(65, 'Wallet', 'Genuine leather wallet with RFID protection', 120, 3),
(66, 'Shoes', 'Men running shoes with breathable mesh', 200, 3),
(67, 'Dress', 'Women casual dress with floral print', 80, 3),
(68, 'Shirt', 'Men formal button-down shirt', 150, 3),
(69, 'Sweater', 'Warm woolen sweater with v-neck', 120, 3),
(70, 'Skirt', 'Women pencil skirt in black', 100, 3),
(71, 'Pants', 'Men slim-fit trousers', 180, 3),
(72, 'Coat', 'Double-breasted trench coat for men', 50, 3),
(73, 'Blouse', 'Women silk blouse with button detail', 90, 3),
(74, 'Belt', 'Leather belt with classic buckle', 150, 3),
(75, 'Jacket', 'Lightweight jacket for spring and autumn', 100, 3),
(76, 'Sunglasses', 'Polarized aviator sunglasses', 200, 3),
(77, 'Flip Flops', 'Comfortable flip flops for summer', 150, 3),
(78, 'Sandals', 'Women summer sandals with adjustable straps', 80, 3),
(79, 'Boots', 'Men hiking boots with waterproof lining', 40, 3),
(80, 'Slippers', 'Cozy indoor slippers for the winter season', 120, 3),
(81, 'Pet Bed', 'Comfortable bed for pets with removable cover', 70, 5),
(82, 'Pet Collar', 'Adjustable pet collar with ID tag', 150, 5),
(83, 'Pet Toy', 'Interactive pet toy for dogs', 200, 5),
(84, 'Pet Leash', 'Durable pet leash for walking', 180, 5),
(85, 'Cat Litter', 'Clumping cat litter for odor control', 250, 5),
(86, 'Dog Food', 'Premium dry dog food for small breeds', 300, 5),
(87, 'Cat Food', 'Organic wet food for cats', 200, 5),
(88, 'Fish Tank', '50-gallon fish tank with filtration system', 45, 5),
(89, 'Dog Bed', 'Orthopedic dog bed for large breeds', 40, 5),
(90, 'Bird Cage', 'Large bird cage with wooden perches', 25, 5),
(91, 'Aquarium Kit', 'Complete aquarium kit with plants and filter', 30, 5),
(92, 'Bird Feeder', 'Hanging bird feeder for outdoor use', 120, 5),
(93, 'Dog Toy', 'Durable chew toy for dogs', 200, 5),
(94, 'Cat Tree', 'Multi-level cat tree for climbing and scratching', 45, 5),
(95, 'Pet Carrier', 'Portable pet carrier for travel', 60, 5),
(96, 'Pet Shampoo', 'Gentle shampoo for pets with sensitive skin', 100, 5),
(97, 'Hamster Cage', 'Small hamster cage with accessories', 80, 5),
(98, 'Rabbit Hutch', 'Wooden rabbit hutch with enclosed outdoor run', 25, 5),
(99, 'Pet Brush', 'Gentle pet brush for long-haired breeds', 150, 5),
(100, 'Pet Water Bottle', 'Leak-proof water bottle for pets', 200, 5),
(101, 'Electric Kettle', '1.7L electric kettle with automatic shut-off', 150, 2),
(102, 'Blender', 'Powerful blender with multiple speed settings', 80, 2),
(103, 'Coffee Maker', 'Automatic drip coffee maker with timer', 120, 2),
(104, 'Toaster', '2-slice toaster with adjustable browning control', 200, 2),
(105, 'Food Processor', 'Multi-functional food processor with various attachments', 60, 2),
(106, 'Ice Cream Maker', 'Home ice cream maker with 1.5L capacity', 40, 2),
(107, 'Electric Grill', 'Non-stick electric grill with adjustable temperature', 55, 2),
(108, 'Slow Cooker', '6-quart slow cooker with programmable settings', 70, 2),
(109, 'Air Fryer', 'Digital air fryer with 3.5L capacity', 90, 2),
(110, 'Electric Shaver', 'Rechargeable electric shaver for men', 150, 1),
(111, 'Hair Dryer', 'Professional hair dryer with multiple heat settings', 200, 1),
(112, 'Digital Camera', '12MP digital camera with zoom lens', 60, 1),
(113, 'Home Theater System', '5.1 surround sound home theater system', 40, 1),
(114, 'Smart Doorbell', 'Wireless smart doorbell with video camera', 70, 1),
(115, 'Robot Mop', 'Automatic robot mop with water tank', 45, 2),
(116, 'Smart Thermostat', 'Wi-Fi-enabled smart thermostat with mobile app control', 30, 2),
(117, 'Dehumidifier', 'Compact dehumidifier for home use', 55, 2),
(118, 'Wall Clock', 'Modern wall clock with minimalist design', 100, 2),
(119, 'Recliner Chair', 'Comfortable recliner chair with adjustable footrest', 25, 2),
(120, 'BBQ Grill', 'Portable BBQ grill with foldable legs', 60, 2);


-- Insert 150 orders covering the first semester of 2024
INSERT INTO orders_tb (order_id, customer_id, order_date, order_status, order_notes, total_amount, payment_method) VALUES
(1, 5, '2024-01-05', 'Shipped', 'Expedited shipping requested', 299.99, 'Credit Card'),
(2, 10, '2024-01-08', 'Processing', 'Gift wrap included', 150.50, 'PayPal'),
(3, 3, '2024-01-15', 'Delivered', 'Leave at front door', 450.00, 'Bank Transfer'),
(4, 7, '2024-01-20', 'Shipped', 'Requires signature', 89.99, 'Credit Card'),
(5, 12, '2024-01-23', 'Cancelled', 'Cancelled by customer', 1200.75, 'Credit Card'),
(6, 4, '2024-02-01', 'Shipped', 'N/A', 320.25, 'Credit Card'),
(7, 2, '2024-02-03', 'Processing', 'Special gift wrap', 680.40, 'PayPal'),
(8, 5, '2024-02-07', 'Shipped', 'Leave at neighbor if not home', 149.99, 'Credit Card'),
(9, 8, '2024-02-10', 'Shipped', 'N/A', 99.99, 'Credit Card'),
(10, 9, '2024-02-12', 'Processing', 'Contact before delivery', 599.99, 'PayPal'),
(11, 3, '2024-02-14', 'Shipped', 'Signature required', 299.99, 'Credit Card'),
(12, 7, '2024-02-16', 'Delivered', 'Leave on porch', 459.99, 'Bank Transfer'),
(13, 5, '2024-02-17', 'Shipped', 'Express shipping requested', 189.99, 'Credit Card'),
(14, 8, '2024-02-18', 'Processing', 'No special instructions', 249.99, 'PayPal'),
(15, 15, '2024-02-19', 'Cancelled', 'Cancelled by customer', 899.99, 'Credit Card'),
(16, 4, '2024-02-21', 'Shipped', 'Leave at the back door', 999.99, 'Credit Card'),
(17, 2, '2024-02-23', 'Processing', 'Send a confirmation before delivery', 539.99, 'Bank Transfer'),
(18, 16, '2024-02-25', 'Shipped', 'Leave with building manager', 149.99, 'PayPal'),
(19, 7, '2024-02-26', 'Delivered', 'Leave at front porch', 199.99, 'Credit Card'),
(20, 10, '2024-02-28', 'Shipped', 'Gift for friend, no message', 129.99, 'Credit Card'),
(21, 11, '2024-03-02', 'Processing', 'Call before delivery', 349.99, 'PayPal'),
(22, 18, '2024-03-04', 'Delivered', 'Leave in garage', 599.00, 'Credit Card'),
(23, 2, '2024-03-05', 'Shipped', 'No signature required', 259.99, 'Credit Card'),
(24, 8, '2024-03-07', 'Processing', 'Include special gift wrap', 149.99, 'PayPal'),
(25, 14, '2024-03-08', 'Cancelled', 'Cancelled due to delay', 499.00, 'Credit Card'),
(26, 16, '2024-03-09', 'Shipped', 'Leave at front door if no one is home', 99.99, 'Credit Card'),
(27, 2, '2024-03-10', 'Processing', 'Please call to confirm delivery time', 179.99, 'PayPal'),
(28, 11, '2024-03-12', 'Shipped', 'Leave with neighbor', 289.99, 'Credit Card'),
(29, 3, '2024-03-14', 'Delivered', 'Leave at front door if not home', 450.50, 'Bank Transfer'),
(30, 17, '2024-03-15', 'Shipped', 'No instructions', 129.99, 'Credit Card'),
(31, 5, '2024-03-16', 'Processing', 'Gift wrap requested', 549.99, 'PayPal'),
(32, 6, '2024-03-17', 'Shipped', 'Leave with front desk', 99.00, 'Credit Card'),
(33, 9, '2024-03-18', 'Delivered', 'Leave at front porch', 349.99, 'Bank Transfer'),
(34, 4, '2024-03-19', 'Shipped', 'Deliver between 1-3 PM', 189.99, 'Credit Card'),
(35, 10, '2024-03-20', 'Processing', 'No specific instructions', 419.99, 'PayPal'),
(36, 7, '2024-03-21', 'Shipped', 'No signature needed', 129.99, 'Credit Card'),
(37, 3, '2024-03-22', 'Delivered', 'Leave at front porch', 299.99, 'Bank Transfer'),
(38, 15, '2024-03-23', 'Shipped', 'Leave with neighbor if not at home', 99.00, 'PayPal'),
(39, 16, '2024-03-24', 'Processing', 'Include gift message', 189.99, 'Credit Card'),
(40, 8, '2024-03-25', 'Shipped', 'Requires signature', 399.99, 'Credit Card'),
(41, 14, '2024-03-26', 'Shipped', 'Leave at back door if no one answers', 149.00, 'Credit Card'),
(42, 2, '2024-03-27', 'Delivered', 'Leave in garage', 699.99, 'Bank Transfer'),
(43, 17, '2024-03-28', 'Processing', 'No signature required', 249.99, 'PayPal'),
(44, 10, '2024-03-29', 'Shipped', 'Leave with concierge', 89.00, 'Credit Card'),
(45, 5, '2024-03-30', 'Cancelled', 'Cancelled due to mistake', 249.99, 'Credit Card'),
(46, 8, '2024-04-01', 'Shipped', 'Leave in the lobby', 189.99, 'Credit Card'),
(47, 13, '2024-04-02', 'Delivered', 'Leave by front door', 119.00, 'PayPal'),
(48, 3, '2024-04-03', 'Shipped', 'No gift wrap requested', 209.99, 'Credit Card'),
(49, 16, '2024-04-04', 'Processing', 'Please call before delivery', 499.99, 'Credit Card'),
(50, 14, '2024-04-05', 'Shipped', 'Leave at the front desk', 129.99, 'PayPal'),
(51, 9, '2024-04-06', 'Delivered', 'Leave at front porch', 349.00, 'Bank Transfer'),
(52, 11, '2024-04-07', 'Shipped', 'Include gift message', 189.99, 'Credit Card'),
(53, 6, '2024-04-08', 'Processing', 'No special instructions', 299.99, 'PayPal'),
(54, 3, '2024-04-09', 'Shipped', 'Leave at side door', 99.99, 'Credit Card'),
(55, 5, '2024-04-10', 'Delivered', 'Leave on front porch', 549.99, 'Bank Transfer'),
(56, 16, '2024-04-11', 'Shipped', 'Leave with security guard', 199.99, 'Credit Card'),
(57, 18, '2024-04-12', 'Processing', 'Include special instructions for delivery', 389.99, 'PayPal'),
(58, 9, '2024-04-13', 'Shipped', 'Leave with a neighbor if not home', 159.99, 'Credit Card'),
(59, 10, '2024-04-14', 'Delivered', 'Leave by the front door', 799.99, 'Bank Transfer'),
(60, 14, '2024-04-15', 'Shipped', 'Requires signature for delivery', 259.99, 'Credit Card'),
(61, 4, '2024-04-16', 'Processing', 'Gift wrap included', 119.99, 'PayPal'),
(62, 12, '2024-04-17', 'Shipped', 'Leave at front door if not home', 269.99, 'Credit Card'),
(63, 9, '2024-04-18', 'Delivered', 'Leave with concierge', 349.99, 'Bank Transfer'),
(64, 7, '2024-04-19', 'Shipped', 'Requires signature', 449.99, 'Credit Card'),
(65, 5, '2024-04-20', 'Cancelled', 'Cancelled by customer', 149.99, 'Credit Card'),
(66, 8, '2024-04-21', 'Shipped', 'Leave with neighbor', 299.99, 'PayPal'),
(67, 16, '2024-04-22', 'Delivered', 'Leave at front porch', 199.99, 'Credit Card'),
(68, 3, '2024-04-23', 'Shipped', 'Leave with security guard', 499.99, 'Bank Transfer'),
(69, 10, '2024-04-24', 'Processing', 'N/A', 129.99, 'Credit Card'),
(70, 6, '2024-04-25', 'Shipped', 'Leave at front door', 350.99, 'PayPal'),
(71, 15, '2024-04-26', 'Delivered', 'Leave at neighbor if not home', 219.99, 'Credit Card'),
(72, 13, '2024-04-27', 'Processing', 'Special delivery instructions', 199.99, 'PayPal'),
(73, 2, '2024-04-28', 'Shipped', 'No special instructions', 159.99, 'Credit Card'),
(74, 4, '2024-04-29', 'Delivered', 'Leave at the back door', 209.99, 'Bank Transfer'),
(75, 7, '2024-04-30', 'Shipped', 'N/A', 269.99, 'Credit Card'),
(76, 10, '2024-05-01', 'Processing', 'Leave at front desk', 139.99, 'PayPal'),
(77, 8, '2024-05-02', 'Delivered', 'Leave at front porch', 249.99, 'Credit Card'),
(78, 11, '2024-05-03', 'Shipped', 'Leave at the door', 299.99, 'Bank Transfer'),
(79, 5, '2024-05-04', 'Shipped', 'Leave at side door', 189.99, 'Credit Card'),
(80, 3, '2024-05-05', 'Delivered', 'Leave with building manager', 159.99, 'PayPal'),
(81, 4, '2024-05-06', 'Shipped', 'Leave with neighbor', 119.99, 'Credit Card'),
(82, 16, '2024-05-07', 'Processing', 'No gift wrap requested', 389.99, 'PayPal'),
(83, 2, '2024-05-08', 'Delivered', 'Leave at front porch', 299.99, 'Credit Card'),
(84, 14, '2024-05-09', 'Shipped', 'Requires signature', 179.99, 'Credit Card'),
(85, 7, '2024-05-10', 'Processing', 'Include gift wrap', 239.99, 'PayPal'),
(86, 5, '2024-05-11', 'Shipped', 'Leave at neighbor if not home', 149.99, 'Credit Card'),
(87, 18, '2024-05-12', 'Delivered', 'Leave in garage', 199.99, 'PayPal'),
(88, 10, '2024-05-13', 'Shipped', 'Leave at front desk', 209.99, 'Credit Card'),
(89, 4, '2024-05-14', 'Processing', 'Call before delivery', 129.99, 'Bank Transfer'),
(90, 7, '2024-05-15', 'Shipped', 'N/A', 299.99, 'Credit Card'),
(91, 6, '2024-05-16', 'Delivered', 'Leave at back door', 389.99, 'PayPal'),
(92, 8, '2024-05-17', 'Shipped', 'Leave with neighbor if not home', 229.99, 'Credit Card'),
(93, 3, '2024-05-18', 'Processing', 'Include gift note', 159.99, 'Bank Transfer'),
(94, 16, '2024-05-19', 'Shipped', 'Leave at front porch', 319.99, 'Credit Card'),
(95, 9, '2024-05-20', 'Delivered', 'Leave with concierge', 189.99, 'PayPal'),
(96, 10, '2024-05-21', 'Shipped', 'Signature required', 129.99, 'Credit Card'),
(97, 5, '2024-05-22', 'Delivered', 'Leave at front desk', 179.99, 'Bank Transfer'),
(98, 2, '2024-05-23', 'Shipped', 'Requires signature', 249.99, 'PayPal'),
(99, 12, '2024-05-24', 'Delivered', 'Leave at back door', 349.99, 'Credit Card'),
(100, 11, '2024-05-25', 'Shipped', 'Leave with security guard', 399.99, 'Credit Card'),
(101, 14, '2024-05-26', 'Processing', 'Gift wrap included', 169.99, 'Bank Transfer'),
(102, 7, '2024-05-27', 'Shipped', 'Leave at front door', 229.99, 'Credit Card'),
(103, 3, '2024-05-28', 'Delivered', 'Leave with concierge', 159.99, 'PayPal'),
(104, 6, '2024-05-29', 'Processing', 'Leave at the door', 199.99, 'Credit Card'),
(105, 8, '2024-05-30', 'Shipped', 'No signature required', 279.99, 'Bank Transfer'),
(106, 16, '2024-06-01', 'Shipped', 'Leave at neighbor', 249.99, 'Credit Card'),
(107, 4, '2024-06-02', 'Delivered', 'Leave at the side door', 149.99, 'PayPal'),
(108, 7, '2024-06-03', 'Shipped', 'Leave at front porch', 299.99, 'Credit Card'),
(109, 9, '2024-06-04', 'Processing', 'Leave with concierge', 149.99, 'Bank Transfer'),
(110, 5, '2024-06-05', 'Delivered', 'Leave in garage', 359.99, 'Credit Card'),
(111, 8, '2024-06-06', 'Shipped', 'Leave at the back door', 209.99, 'PayPal'),
(112, 6, '2024-06-07', 'Processing', 'Requires signature', 169.99, 'Credit Card'),
(113, 10, '2024-06-08', 'Delivered', 'Leave at front desk', 189.99, 'Bank Transfer'),
(114, 14, '2024-06-09', 'Shipped', 'Leave at back door', 229.99, 'PayPal'),
(115, 5, '2024-06-10', 'Processing', 'Include special instructions', 149.99, 'Credit Card'),
(116, 16, '2024-06-11', 'Delivered', 'Leave at front porch', 189.99, 'Credit Card'),
(117, 2, '2024-06-12', 'Shipped', 'No signature required', 299.99, 'PayPal'),
(118, 12, '2024-06-13', 'Delivered', 'Leave with neighbor', 209.99, 'Credit Card'),
(119, 7, '2024-06-14', 'Processing', 'Leave with concierge', 219.99, 'Bank Transfer'),
(120, 6, '2024-06-15', 'Shipped', 'No special instructions', 349.99, 'Credit Card'),
(121, 5, '2024-06-16', 'Delivered', 'Leave at front door', 129.99, 'PayPal'),
(122, 9, '2024-06-17', 'Shipped', 'Leave at the back door', 269.99, 'Credit Card'),
(123, 3, '2024-06-18', 'Delivered', 'Leave with building manager', 189.99, 'Bank Transfer'),
(124, 2, '2024-06-19', 'Processing', 'No gift wrap requested', 169.99, 'Credit Card'),
(125, 4, '2024-06-20', 'Shipped', 'Leave with neighbor', 229.99, 'PayPal'),
(126, 8, '2024-06-21', 'Delivered', 'Leave at front porch', 199.99, 'Credit Card'),
(127, 10, '2024-06-22', 'Shipped', 'Leave with concierge', 179.99, 'Bank Transfer'),
(128, 6, '2024-06-23', 'Processing', 'Leave at side door', 159.99, 'Credit Card'),
(129, 3, '2024-06-24', 'Shipped', 'Requires signature', 209.99, 'PayPal'),
(130, 11, '2024-06-25', 'Delivered', 'Leave at the door', 139.99, 'Credit Card'),
(131, 2, '2024-06-26', 'Shipped', 'Leave with security guard', 229.99, 'Bank Transfer'),
(132, 5, '2024-06-27', 'Delivered', 'Leave at front porch', 179.99, 'PayPal'),
(133, 16, '2024-06-28', 'Shipped', 'No signature required', 149.99, 'Credit Card'),
(134, 14, '2024-06-29', 'Processing', 'Leave with building manager', 129.99, 'Credit Card'),
(135, 7, '2024-06-30', 'Shipped', 'Leave at front door', 219.99, 'PayPal'),
(136, 6, '2024-07-01', 'Delivered', 'Leave at back door', 249.99, 'Credit Card'),
(137, 9, '2024-07-02', 'Shipped', 'Requires signature', 349.99, 'Bank Transfer'),
(138, 4, '2024-07-03', 'Processing', 'Leave at the side door', 229.99, 'PayPal'),
(139, 10, '2024-07-04', 'Shipped', 'Leave at front desk', 269.99, 'Credit Card'),
(140, 5, '2024-07-05', 'Delivered', 'Leave at front porch', 199.99, 'Bank Transfer'),
(141, 3, '2024-07-06', 'Shipped', 'Requires signature', 299.99, 'PayPal'),
(142, 8, '2024-07-07', 'Processing', 'Leave with neighbor', 179.99, 'Credit Card'),
(143, 6, '2024-07-08', 'Shipped', 'Leave at the back door', 269.99, 'Credit Card'),
(144, 16, '2024-07-09', 'Delivered', 'Leave at front porch', 209.99, 'Bank Transfer'),
(145, 5, '2024-07-10', 'Shipped', 'Leave with building manager', 239.99, 'PayPal'),
(146, 7, '2024-07-11', 'Processing', 'N/A', 259.99, 'Credit Card'),
(147, 10, '2024-07-12', 'Delivered', 'Leave with concierge', 179.99, 'Credit Card'),
(148, 8, '2024-07-13', 'Shipped', 'Leave at front desk', 299.99, 'PayPal'),
(149, 2, '2024-07-14', 'Delivered', 'Leave at back door', 219.99, 'Credit Card'),
(150, 14, '2024-07-15', 'Shipped', 'No signature required', 289.99, 'Bank Transfer');


-- Insert order details for each order
INSERT INTO order_items_tb (order_item_id, order_id, product_id, quantity, unit_price) VALUES
(1, 3, 101, 2, 199.99),
(2, 15, 29, 1, 159.99),
(3, 19, 88, 3, 249.99),
(4, 4, 46, 1, 199.99),
(5, 25, 52, 2, 149.99),
(6, 30, 63, 1, 249.99),
(7, 8, 14, 2, 179.99),
(8, 13, 11, 1, 169.99),
(9, 45, 107, 1, 199.99),
(10, 2, 85, 1, 159.99),
(11, 10, 99, 3, 239.99),
(12, 29, 3, 2, 159.99),
(13, 7, 120, 2, 149.99),
(14, 36, 33, 1, 199.99),
(15, 41, 2, 2, 189.99),
(16, 50, 17, 1, 179.99),
(17, 9, 101, 3, 259.99),
(18, 22, 53, 2, 169.99),
(19, 5, 25, 1, 179.99),
(20, 6, 60, 1, 199.99),
(21, 40, 89, 2, 219.99),
(22, 12, 14, 1, 239.99),
(23, 47, 73, 3, 199.99),
(24, 16, 81, 1, 229.99),
(25, 18, 102, 1, 169.99),
(26, 28, 43, 2, 249.99),
(27, 31, 66, 1, 179.99),
(28, 17, 55, 2, 239.99),
(29, 21, 90, 1, 259.99),
(30, 23, 7, 3, 149.99),
(31, 42, 37, 2, 249.99),
(32, 11, 92, 2, 229.99),
(33, 26, 119, 1, 239.99),
(34, 48, 120, 2, 169.99),
(35, 49, 48, 1, 179.99),
(36, 44, 56, 2, 159.99),
(37, 14, 13, 1, 149.99),
(38, 24, 116, 1, 169.99),
(39, 20, 106, 2, 199.99),
(40, 38, 35, 1, 249.99),
(41, 39, 5, 1, 229.99),
(42, 37, 4, 2, 179.99),
(43, 33, 108, 1, 219.99),
(44, 27, 61, 2, 149.99),
(45, 32, 109, 3, 229.99),
(46, 34, 66, 1, 259.99),
(47, 35, 74, 2, 169.99),
(48, 51, 115, 1, 149.99),
(49, 54, 8, 1, 199.99),
(50, 53, 98, 3, 239.99),
(51, 55, 10, 2, 179.99),
(52, 56, 41, 2, 249.99),
(53, 57, 61, 1, 149.99),
(54, 59, 19, 3, 179.99),
(55, 58, 81, 1, 159.99),
(56, 60, 75, 2, 219.99),
(57, 62, 42, 2, 179.99),
(58, 64, 77, 1, 169.99),
(59, 66, 107, 1, 229.99),
(60, 68, 36, 1, 219.99),
(61, 72, 91, 2, 159.99),
(62, 73, 37, 1, 169.99),
(63, 74, 94, 3, 229.99),
(64, 75, 58, 1, 249.99),
(65, 78, 59, 1, 179.99),
(66, 79, 71, 2, 259.99),
(67, 80, 120, 2, 159.99),
(68, 81, 79, 2, 239.99),
(69, 82, 18, 3, 149.99),
(70, 83, 55, 1, 179.99),
(71, 85, 113, 2, 199.99),
(72, 86, 50, 3, 169.99),
(73, 87, 80, 1, 239.99),
(74, 88, 29, 2, 149.99),
(75, 89, 110, 1, 179.99),
(76, 90, 38, 1, 159.99),
(77, 91, 2, 3, 249.99),
(78, 92, 54, 1, 239.99),
(79, 93, 32, 2, 219.99),
(80, 94, 118, 1, 249.99),
(81, 95, 16, 3, 199.99),
(82, 96, 45, 2, 149.99),
(83, 97, 117, 1, 179.99),
(84, 99, 24, 1, 199.99),
(85, 100, 97, 2, 149.99),
(86, 101, 120, 1, 249.99),
(87, 102, 49, 1, 159.99),
(88, 103, 118, 2, 219.99),
(89, 104, 79, 1, 179.99),
(90, 105, 58, 3, 159.99),
(91, 106, 101, 2, 229.99),
(92, 107, 5, 1, 199.99),
(93, 108, 81, 2, 159.99),
(94, 109, 61, 1, 249.99),
(95, 110, 100, 2, 179.99),
(96, 111, 68, 1, 229.99),
(97, 112, 62, 3, 239.99),
(98, 113, 76, 2, 149.99),
(99, 114, 47, 2, 179.99),
(100, 115, 95, 1, 199.99),
(101, 116, 118, 1, 249.99),
(102, 117, 12, 1, 159.99),
(103, 118, 20, 2, 229.99),
(104, 119, 23, 2, 179.99),
(105, 120, 72, 3, 249.99),
(106, 121, 107, 1, 169.99),
(107, 122, 15, 3, 159.99),
(108, 123, 18, 1, 199.99),
(109, 124, 55, 2, 239.99),
(110, 125, 40, 2, 169.99),
(111, 126, 84, 3, 179.99),
(112, 127, 108, 1, 229.99),
(113, 128, 61, 2, 159.99),
(114, 129, 56, 2, 249.99),
(115, 130, 39, 1, 229.99),
(116, 131, 113, 3, 159.99),
(117, 132, 45, 1, 179.99),
(118, 133, 72, 2, 169.99),
(119, 134, 60, 1, 159.99),
(120, 135, 98, 3, 179.99),
(121, 136, 110, 2, 249.99),
(122, 137, 63, 1, 199.99),
(123, 138, 99, 1, 169.99),
(124, 139, 26, 1, 159.99),
(125, 140, 69, 1, 149.99),
(126, 141, 42, 3, 179.99),
(127, 142, 97, 1, 219.99),
(128, 143, 73, 2, 249.99),
(129, 144, 54, 1, 169.99),
(130, 145, 24, 2, 179.99),
(131, 146, 11, 3, 239.99),
(132, 147, 13, 2, 149.99),
(133, 148, 22, 1, 179.99),
(134, 149, 48, 1, 239.99),
(135, 150, 39, 3, 149.99),
(136, 32, 85, 2, 219.99),
(137, 95, 99, 1, 249.99),
(138, 81, 18, 3, 159.99),
(139, 67, 60, 2, 179.99),
(140, 112, 23, 1, 199.99),
(141, 46, 47, 3, 249.99),
(142, 88, 68, 2, 229.99),
(143, 26, 77, 1, 239.99),
(144, 55, 54, 3, 179.99),
(145, 103, 62, 2, 159.99),
(146, 47, 43, 1, 169.99),
(147, 74, 58, 2, 179.99),
(148, 80, 45, 1, 159.99),
(149, 51, 56, 1, 199.99),
(150, 124, 21, 2, 149.99),
(151, 68, 64, 3, 249.99),
(152, 120, 40, 1, 229.99),
(153, 5, 96, 1, 179.99),
(154, 99, 111, 2, 159.99),
(155, 30, 120, 2, 199.99),
(156, 113, 67, 1, 169.99),
(157, 19, 32, 3, 249.99),
(158, 84, 33, 1, 179.99),
(159, 40, 18, 2, 169.99),
(160, 113, 70, 1, 239.99),
(161, 41, 76, 2, 249.99),
(162, 12, 84, 1, 159.99),
(163, 118, 99, 2, 229.99),
(164, 61, 52, 1, 159.99),
(165, 24, 65, 2, 179.99),
(166, 105, 78, 3, 239.99),
(167, 81, 46, 1, 179.99),
(168, 118, 38, 2, 229.99),
(169, 58, 37, 1, 249.99),
(170, 76, 53, 2, 159.99),
(171, 51, 44, 1, 219.99),
(172, 23, 92, 3, 199.99),
(173, 99, 19, 2, 249.99),
(174, 112, 30, 1, 169.99),
(175, 53, 105, 2, 179.99),
(176, 34, 97, 1, 239.99),
(177, 109, 21, 2, 149.99),
(178, 17, 48, 3, 229.99),
(179, 109, 58, 1, 219.99),
(180, 85, 59, 2, 179.99),
(181, 28, 93, 2, 249.99),
(182, 100, 31, 1, 239.99),
(183, 49, 88, 1, 199.99),
(184, 92, 81, 2, 159.99),
(185, 62, 76, 3, 169.99),
(186, 115, 72, 1, 229.99),
(187, 69, 63, 2, 179.99),
(188, 110, 12, 2, 159.99),
(189, 3, 9, 1, 239.99),
(190, 37, 27, 3, 229.99),
(191, 52, 70, 2, 249.99),
(192, 113, 71, 1, 159.99),
(193, 38, 102, 2, 179.99),
(194, 41, 83, 3, 199.99),
(195, 48, 36, 1, 249.99),
(196, 85, 41, 1, 219.99),
(197, 17, 103, 2, 149.99),
(198, 24, 79, 1, 239.99),
(199, 96, 66, 3, 229.99),
(200, 72, 49, 1, 179.99),
(201, 29, 50, 1, 199.99),
(202, 102, 15, 3, 159.99),
(203, 120, 43, 2, 179.99),
(204, 105, 77, 1, 239.99),
(205, 41, 35, 2, 149.99),
(206, 13, 51, 1, 159.99),
(207, 39, 105, 2, 199.99),
(208, 27, 39, 1, 229.99),
(209, 12, 44, 2, 179.99),
(210, 58, 13, 2, 149.99),
(211, 94, 61, 1, 159.99),
(212, 109, 118, 1, 219.99),
(213, 79, 106, 3, 229.99),
(214, 100, 69, 2, 199.99),
(215, 21, 90, 1, 249.99),
(216, 49, 40, 1, 179.99),
(217, 92, 57, 2, 169.99),
(218, 75, 28, 1, 159.99),
(219, 107, 98, 3, 249.99),
(220, 64, 109, 1, 229.99),
(221, 51, 51, 2, 179.99),
(222, 85, 31, 3, 149.99),
(223, 38, 56, 2, 169.99),
(224, 62, 75, 2, 249.99),
(225, 21, 18, 1, 219.99),
(226, 59, 93, 1, 159.99),
(227, 90, 63, 2, 239.99),
(228, 103, 97, 2, 179.99),
(229, 7, 89, 1, 249.99),
(230, 111, 106, 1, 169.99),
(231, 51, 115, 1, 179.99),
(232, 36, 82, 2, 199.99),
(233, 110, 90, 1, 149.99),
(234, 15, 51, 2, 229.99),
(235, 61, 120, 1, 159.99),
(236, 92, 100, 3, 179.99),
(237, 8, 41, 2, 149.99),
(238, 84, 61, 1, 219.99),
(239, 59, 118, 1, 249.99),
(240, 110, 91, 1, 179.99),
(241, 100, 72, 2, 159.99),
(242, 95, 64, 3, 249.99),
(243, 32, 87, 1, 199.99),
(244, 110, 95, 3, 229.99),
(245, 105, 88, 1, 169.99),
(246, 84, 74, 2, 179.99),
(247, 108, 45, 1, 249.99),
(248, 25, 43, 3, 159.99),
(249, 40, 58, 2, 199.99),
(250, 86, 54, 1, 229.99),
(251, 119, 47, 2, 179.99),
(252, 93, 32, 1, 249.99),
(253, 113, 81, 1, 159.99),
(254, 54, 36, 3, 149.99),
(255, 70, 60, 1, 219.99),
(256, 119, 77, 2, 169.99),
(257, 102, 62, 1, 199.99),
(258, 92, 98, 3, 249.99),
(259, 105, 56, 1, 179.99),
(260, 78, 12, 2, 229.99),
(261, 115, 99, 1, 199.99),
(262, 86, 18, 3, 159.99),
(263, 72, 50, 2, 179.99),
(264, 109, 48, 1, 249.99),
(265, 29, 66, 3, 169.99),
(266, 98, 120, 2, 199.99),
(267, 116, 10, 1, 179.99),
(268, 33, 94, 2, 229.99),
(269, 73, 109, 3, 199.99),
(270, 45, 68, 1, 159.99),
(271, 62, 71, 2, 179.99),
(272, 102, 112, 2, 149.99),
(273, 15, 40, 1, 239.99),
(274, 24, 99, 1, 159.99),
(275, 103, 33, 2, 229.99),
(276, 69, 22, 1, 249.99),
(277, 50, 83, 3, 159.99),
(278, 92, 82, 1, 179.99),
(279, 51, 45, 2, 149.99),
(280, 113, 62, 1, 229.99),
(281, 78, 73, 2, 179.99),
(282, 94, 28, 3, 159.99),
(283, 53, 49, 1, 249.99),
(284, 85, 63, 2, 179.99),
(285, 117, 45, 3, 199.99);


